<?xml version="1.0" encoding="UTF-8"?>
<rss version="2.0">
	<channel>
		<title>기상청 동네예보 웹서비스 - 서울특별시 강남구 논현1동 도표예보</title>
		<link>http://www.kma.go.kr/weather/main.jsp</link>
		<description>동네예보 웹서비스</description>
		<language>ko</language>
		<generator>동네예보</generator>
		<pubDate>2022년 12월 15일 (목)요일 11:00</pubDate>
		<item>
			<author>기상청</author>
			<category>서울특별시 강남구 논현1동</category>
			<title>동네예보(도표) : 서울특별시 강남구 논현1동 [X=61,Y=125]</title>
			<link>http://www.kma.go.kr/weather/forecast/timeseries.jsp?searchType=INTEREST&amp;dongCode=1168052100</link>
			<guid>http://www.kma.go.kr/weather/forecast/timeseries.jsp?searchType=INTEREST&amp;dongCode=1168052100</guid>
			<description>
				<header>
					<tm>202212151100</tm>
					<ts>3</ts>
					<x>61</x>
					<y>125</y>
				</header>
				<body>
					<data seq="0">
						<hour>15</hour>
						<day>0</day>
						<temp>2.0</temp>
						<tmx>2.0</tmx>
						<tmn>-999.0</tmn>
						<sky>4</sky>
						<pty>3</pty>
						<wfKor>눈</wfKor>
						<wfEn>Snow</wfEn>
						<pop>80</pop>
						<r12>0.0</r12>
						<s12>0.0</s12>
						<ws>1.9000000000000001</ws>
						<wd>6</wd>
						<wdKor>서</wdKor>
						<wdEn>W</wdEn>
						<reh>85</reh>
						<r06>5.0</r06>
						<s06>4.2</s06>
					</data>
					<data seq="1">
						<hour>18</hour>
						<day>0</day>
						<temp>1.0</temp>
						<tmx>2.0</tmx>
						<tmn>-999.0</tmn>
						<sky>4</sky>
						<pty>3</pty>
						<wfKor>눈</wfKor>
						<wfEn>Snow</wfEn>
						<pop>60</pop>
						<r12>0.0</r12>
						<s12>0.0</s12>
						<ws>1.8</ws>
						<wd>7</wd>
						<wdKor>북서</wdKor>
						<wdEn>NW</wdEn>
						<reh>75</reh>
						<r06>5.0</r06>
						<s06>4.2</s06>
					</data>
					<data seq="2">
						<hour>21</hour>
						<day>0</day>
						<temp>-3.0</temp>
						<tmx>2.0</tmx>
						<tmn>-999.0</tmn>
						<sky>1</sky>
						<pty>0</pty>
						<wfKor>맑음</wfKor>
						<wfEn>Clear</wfEn>
						<pop>10</pop>
						<r12>0.0</r12>
						<s12>0.0</s12>
						<ws>2.7</ws>
						<wd>7</wd>
						<wdKor>북서</wdKor>
						<wdEn>NW</wdEn>
						<reh>75</reh>
						<r06>0.0</r06>
						<s06>0.0</s06>
					</data>
					<data seq="3">
						<hour>24</hour>
						<day>0</day>
						<temp>-5.0</temp>
						<tmx>2.0</tmx>
						<tmn>-999.0</tmn>
						<sky>1</sky>
						<pty>0</pty>
						<wfKor>맑음</wfKor>
						<wfEn>Clear</wfEn>
						<pop>0</pop>
						<r12>0.0</r12>
						<s12>0.0</s12>
						<ws>2.5</ws>
						<wd>7</wd>
						<wdKor>북서</wdKor>
						<wdEn>NW</wdEn>
						<reh>60</reh>
						<r06>0.0</r06>
						<s06>0.0</s06>
					</data>
					<data seq="4">
						<hour>3</hour>
						<day>1</day>
						<temp>-7.0</temp>
						<tmx>-1.0</tmx>
						<tmn>-9.0</tmn>
						<sky>1</sky>
						<pty>0</pty>
						<wfKor>맑음</wfKor>
						<wfEn>Clear</wfEn>
						<pop>0</pop>
						<r12>0.0</r12>
						<s12>0.0</s12>
						<ws>2.3000000000000003</ws>
						<wd>7</wd>
						<wdKor>북서</wdKor>
						<wdEn>NW</wdEn>
						<reh>50</reh>
						<r06>0.0</r06>
						<s06>0.0</s06>
					</data>
					<data seq="5">
						<hour>6</hour>
						<day>1</day>
						<temp>-8.0</temp>
						<tmx>-1.0</tmx>
						<tmn>-9.0</tmn>
						<sky>1</sky>
						<pty>0</pty>
						<wfKor>맑음</wfKor>
						<wfEn>Clear</wfEn>
						<pop>10</pop>
						<r12>0.0</r12>
						<s12>0.0</s12>
						<ws>2.1</ws>
						<wd>7</wd>
						<wdKor>북서</wdKor>
						<wdEn>NW</wdEn>
						<reh>45</reh>
						<r06>0.0</r06>
						<s06>0.0</s06>
					</data>
					<data seq="6">
						<hour>9</hour>
						<day>1</day>
						<temp>-8.0</temp>
						<tmx>-1.0</tmx>
						<tmn>-9.0</tmn>
						<sky>1</sky>
						<pty>0</pty>
						<wfKor>맑음</wfKor>
						<wfEn>Clear</wfEn>
						<pop>0</pop>
						<r12>0.0</r12>
						<s12>0.0</s12>
						<ws>1.6</ws>
						<wd>0</wd>
						<wdKor>북</wdKor>
						<wdEn>N</wdEn>
						<reh>40</reh>
						<r06>0.0</r06>
						<s06>0.0</s06>
					</data>
					<data seq="7">
						<hour>12</hour>
						<day>1</day>
						<temp>-5.0</temp>
						<tmx>-1.0</tmx>
						<tmn>-9.0</tmn>
						<sky>1</sky>
						<pty>0</pty>
						<wfKor>맑음</wfKor>
						<wfEn>Clear</wfEn>
						<pop>10</pop>
						<r12>0.0</r12>
						<s12>0.0</s12>
						<ws>1.6</ws>
						<wd>7</wd>
						<wdKor>북서</wdKor>
						<wdEn>NW</wdEn>
						<reh>30</reh>
						<r06>0.0</r06>
						<s06>0.0</s06>
					</data>
					<data seq="8">
						<hour>15</hour>
						<day>1</day>
						<temp>-3.0</temp>
						<tmx>-1.0</tmx>
						<tmn>-9.0</tmn>
						<sky>3</sky>
						<pty>0</pty>
						<wfKor>구름 많음</wfKor>
						<wfEn>Mostly Cloudy</wfEn>
						<pop>20</pop>
						<r12>0.0</r12>
						<s12>0.0</s12>
						<ws>1.7000000000000002</ws>
						<wd>7</wd>
						<wdKor>북서</wdKor>
						<wdEn>NW</wdEn>
						<reh>25</reh>
						<r06>0.0</r06>
						<s06>0.0</s06>
					</data>
					<data seq="9">
						<hour>18</hour>
						<day>1</day>
						<temp>-4.0</temp>
						<tmx>-1.0</tmx>
						<tmn>-9.0</tmn>
						<sky>3</sky>
						<pty>0</pty>
						<wfKor>구름 많음</wfKor>
						<wfEn>Mostly Cloudy</wfEn>
						<pop>20</pop>
						<r12>0.0</r12>
						<s12>0.0</s12>
						<ws>1.2000000000000002</ws>
						<wd>7</wd>
						<wdKor>북서</wdKor>
						<wdEn>NW</wdEn>
						<reh>35</reh>
						<r06>0.0</r06>
						<s06>0.0</s06>
					</data>
					<data seq="10">
						<hour>21</hour>
						<day>1</day>
						<temp>-5.0</temp>
						<tmx>-1.0</tmx>
						<tmn>-9.0</tmn>
						<sky>3</sky>
						<pty>0</pty>
						<wfKor>구름 많음</wfKor>
						<wfEn>Mostly Cloudy</wfEn>
						<pop>20</pop>
						<r12>0.0</r12>
						<s12>0.0</s12>
						<ws>1.7000000000000002</ws>
						<wd>7</wd>
						<wdKor>북서</wdKor>
						<wdEn>NW</wdEn>
						<reh>40</reh>
						<r06>0.0</r06>
						<s06>0.0</s06>
					</data>
					<data seq="11">
						<hour>24</hour>
						<day>1</day>
						<temp>-6.0</temp>
						<tmx>-1.0</tmx>
						<tmn>-9.0</tmn>
						<sky>3</sky>
						<pty>0</pty>
						<wfKor>구름 많음</wfKor>
						<wfEn>Mostly Cloudy</wfEn>
						<pop>20</pop>
						<r12>0.0</r12>
						<s12>0.0</s12>
						<ws>1.3</ws>
						<wd>7</wd>
						<wdKor>북서</wdKor>
						<wdEn>NW</wdEn>
						<reh>45</reh>
						<r06>0.0</r06>
						<s06>0.0</s06>
					</data>
					<data seq="12">
						<hour>3</hour>
						<day>2</day>
						<temp>-6.0</temp>
						<tmx>-2.0</tmx>
						<tmn>-7.0</tmn>
						<sky>4</sky>
						<pty>0</pty>
						<wfKor>흐림</wfKor>
						<wfEn>Cloudy</wfEn>
						<pop>30</pop>
						<r12>0.0</r12>
						<s12>0.0</s12>
						<ws>0.5</ws>
						<wd>1</wd>
						<wdKor>북동</wdKor>
						<wdEn>NE</wdEn>
						<reh>50</reh>
						<r06>0.0</r06>
						<s06>0.0</s06>
					</data>
					<data seq="13">
						<hour>6</hour>
						<day>2</day>
						<temp>-6.0</temp>
						<tmx>-2.0</tmx>
						<tmn>-7.0</tmn>
						<sky>4</sky>
						<pty>0</pty>
						<wfKor>흐림</wfKor>
						<wfEn>Cloudy</wfEn>
						<pop>30</pop>
						<r12>0.0</r12>
						<s12>0.0</s12>
						<ws>0.2</ws>
						<wd>2</wd>
						<wdKor>동</wdKor>
						<wdEn>E</wdEn>
						<reh>65</reh>
						<r06>0.0</r06>
						<s06>0.0</s06>
					</data>
					<data seq="14">
						<hour>9</hour>
						<day>2</day>
						<temp>-6.0</temp>
						<tmx>-2.0</tmx>
						<tmn>-7.0</tmn>
						<sky>4</sky>
						<pty>3</pty>
						<wfKor>눈</wfKor>
						<wfEn>Snow</wfEn>
						<pop>60</pop>
						<r12>0.0</r12>
						<s12>0.0</s12>
						<ws>2.3000000000000003</ws>
						<wd>0</wd>
						<wdKor>북</wdKor>
						<wdEn>N</wdEn>
						<reh>65</reh>
						<r06>0.2</r06>
						<s06>0.8</s06>
					</data>
					<data seq="15">
						<hour>12</hour>
						<day>2</day>
						<temp>-3.0</temp>
						<tmx>-2.0</tmx>
						<tmn>-7.0</tmn>
						<sky>4</sky>
						<pty>0</pty>
						<wfKor>흐림</wfKor>
						<wfEn>Cloudy</wfEn>
						<pop>30</pop>
						<r12>0.0</r12>
						<s12>0.0</s12>
						<ws>2.1</ws>
						<wd>7</wd>
						<wdKor>북서</wdKor>
						<wdEn>NW</wdEn>
						<reh>55</reh>
						<r06>0.2</r06>
						<s06>0.8</s06>
					</data>
					<data seq="16">
						<hour>15</hour>
						<day>2</day>
						<temp>-3.0</temp>
						<tmx>-2.0</tmx>
						<tmn>-7.0</tmn>
						<sky>4</sky>
						<pty>0</pty>
						<wfKor>흐림</wfKor>
						<wfEn>Cloudy</wfEn>
						<pop>30</pop>
						<r12>0.0</r12>
						<s12>0.0</s12>
						<ws>3.3000000000000003</ws>
						<wd>7</wd>
						<wdKor>북서</wdKor>
						<wdEn>NW</wdEn>
						<reh>40</reh>
						<r06>0.0</r06>
						<s06>0.0</s06>
					</data>
					<data seq="17">
						<hour>18</hour>
						<day>2</day>
						<temp>-5.0</temp>
						<tmx>-2.0</tmx>
						<tmn>-7.0</tmn>
						<sky>3</sky>
						<pty>0</pty>
						<wfKor>구름 많음</wfKor>
						<wfEn>Mostly Cloudy</wfEn>
						<pop>20</pop>
						<r12>0.0</r12>
						<s12>0.0</s12>
						<ws>2.0</ws>
						<wd>7</wd>
						<wdKor>북서</wdKor>
						<wdEn>NW</wdEn>
						<reh>50</reh>
						<r06>0.0</r06>
						<s06>0.0</s06>
					</data>
					<data seq="18">
						<hour>21</hour>
						<day>2</day>
						<temp>-8.0</temp>
						<tmx>-2.0</tmx>
						<tmn>-7.0</tmn>
						<sky>1</sky>
						<pty>0</pty>
						<wfKor>맑음</wfKor>
						<wfEn>Clear</wfEn>
						<pop>10</pop>
						<r12>0.0</r12>
						<s12>0.0</s12>
						<ws>3.1</ws>
						<wd>7</wd>
						<wdKor>북서</wdKor>
						<wdEn>NW</wdEn>
						<reh>50</reh>
						<r06>0.0</r06>
						<s06>0.0</s06>
					</data>
					<data seq="19">
						<hour>24</hour>
						<day>2</day>
						<temp>-9.0</temp>
						<tmx>-2.0</tmx>
						<tmn>-7.0</tmn>
						<sky>1</sky>
						<pty>0</pty>
						<wfKor>맑음</wfKor>
						<wfEn>Clear</wfEn>
						<pop>0</pop>
						<r12>0.0</r12>
						<s12>0.0</s12>
						<ws>2.9000000000000004</ws>
						<wd>7</wd>
						<wdKor>북서</wdKor>
						<wdEn>NW</wdEn>
						<reh>55</reh>
						<r06>0.0</r06>
						<s06>0.0</s06>
					</data>
				</body>
			</description>
		</item>
	</channel>
</rss>
