{
	"coord": {
		"lon": 126.9778,
		"lat": 37.5683
	},
	"weather": [
		{
			"id": 701,
			"main": "Mist",
			"description": "박무",
			"icon": "50d"
		}
	],
	"base": "stations",
	"main": {
		"temp": -1.46,
		"feels_like": -6.16,
		"temp_min": -3.34,
		"temp_max": 3.69,
		"pressure": 1021,
		"humidity": 90
	},
	"visibility": 6000,
	"wind": {
		"speed": 4.12,
		"deg": 140
	},
	"clouds": {
		"all": 75
	},
	"dt": 1671089782,
	"sys": {
		"type": 1,
		"id": 8105,
		"country": "KR",
		"sunrise": 1671057565,
		"sunset": 1671092082
	},
	"timezone": 32400,
	"id": 1835848,
	"name": "Seoul",
	"cod": 200
}